"Epic","Feature","Story","FAILED","BROKEN","PASSED","SKIPPED","UNKNOWN"
"User Management","User Profile Service","Get User Profile with Expired Token","0","0","0","0","1"
"User Management","User Profile Service","Get User Profile","0","0","1","0","0"
"User Management","User Profile Service","Get User Profile with Invalid Token","0","0","0","0","1"
"Authentication","Auth Service","User Login","0","0","1","0","0"
"Authentication","Auth Service","Forgot Password","0","0","0","0","1"
"User Management","User Profile Service","Update User Profile with Empty Payload","0","0","0","0","1"
"User Management","User Profile Service","Update User Profile","0","0","1","0","0"
"User Management","User Profile Service","Update User Profile with Invalid Token","0","0","0","0","1"
"Authentication","Auth Service","Create Account","0","0","0","0","1"
